epidemiological_week,date,order_for_place,state,city,city_ibge_code,place_type,last_available_confirmed,last_available_confirmed_per_100k_inhabitants,new_confirmed,last_available_deaths,new_deaths,last_available_death_rate,estimated_population,is_last,is_repeated
202139,2021-10-02,576,RJ,Rio de Janeiro,3304557,city,484433,7179.10909,22964,34102,971,0.0704,6747815,True,False
202137,2021-09-16,560,RJ,Rio de Janeiro,3304557,city,461469,6838.79152,225,33131,86,0.0718,6747815,False,False
202137,2021-09-15,559,RJ,Rio de Janeiro,3304557,city,461244,6835.45711,8924,33045,881,0.0716,6747815,False,False
202135,2021-09-02,546,RJ,Rio de Janeiro,3304557,city,452320,6703.20689,1944,32164,73,0.0711,6747815,False,False
202135,2021-09-01,545,RJ,Rio de Janeiro,3304557,city,450376,6674.39756,1874,32091,91,0.0713,6747815,False,False
202135,2021-08-31,544,RJ,Rio de Janeiro,3304557,city,448502,6646.62561,2332,32000,113,0.0713,6747815,False,False
202135,2021-08-30,543,RJ,Rio de Janeiro,3304557,city,446170,6612.06628,245,31887,3,0.0715,6747815,False,False
202135,2021-08-29,542,RJ,Rio de Janeiro,3304557,city,445925,6608.43547,508,31884,4,0.0715,6747815,False,False
202134,2021-08-28,541,RJ,Rio de Janeiro,3304557,city,445417,6600.90711,2102,31880,81,0.0716,6747815,False,False
202134,2021-08-27,540,RJ,Rio de Janeiro,3304557,city,443315,6569.75628,2237,31799,36,0.0717,6747815,False,False
202134,2021-08-26,539,RJ,Rio de Janeiro,3304557,city,441078,6536.60481,1986,31763,91,0.072,6747815,False,False
202134,2021-08-25,538,RJ,Rio de Janeiro,3304557,city,439092,6507.17306,2041,31672,94,0.0721,6747815,False,False
202134,2021-08-24,537,RJ,Rio de Janeiro,3304557,city,437051,6476.92623,2276,31578,142,0.0723,6747815,False,False
202134,2021-08-23,536,RJ,Rio de Janeiro,3304557,city,434775,6443.1968,240,31436,4,0.0723,6747815,False,False
202134,2021-08-22,535,RJ,Rio de Janeiro,3304557,city,434535,6439.64009,570,31432,7,0.0723,6747815,False,False
202133,2021-08-21,534,RJ,Rio de Janeiro,3304557,city,433965,6431.19291,1833,31425,75,0.0724,6747815,False,False
202133,2021-08-20,533,RJ,Rio de Janeiro,3304557,city,432132,6404.02856,2398,31350,74,0.0725,6747815,False,False
202133,2021-08-19,532,RJ,Rio de Janeiro,3304557,city,429734,6368.49113,2610,31276,89,0.0728,6747815,False,False
202133,2021-08-18,531,RJ,Rio de Janeiro,3304557,city,427124,6329.81195,2649,31187,56,0.073,6747815,False,False
202133,2021-08-17,530,RJ,Rio de Janeiro,3304557,city,424475,6290.55479,2934,31131,59,0.0733,6747815,False,False
202133,2021-08-16,529,RJ,Rio de Janeiro,3304557,city,421541,6247.07405,1210,31072,4,0.0737,6747815,False,False
202133,2021-08-15,528,RJ,Rio de Janeiro,3304557,city,420331,6229.14232,26,31068,3,0.0739,6747815,False,False
202132,2021-08-14,527,RJ,Rio de Janeiro,3304557,city,420305,6228.75701,2294,31065,29,0.0739,6747815,False,False
202132,2021-08-13,526,RJ,Rio de Janeiro,3304557,city,418011,6194.76082,1434,31036,17,0.0742,6747815,False,False
202132,2021-08-12,525,RJ,Rio de Janeiro,3304557,city,416577,6173.5095,2053,31019,92,0.0745,6747815,False,False
202132,2021-08-11,524,RJ,Rio de Janeiro,3304557,city,414524,6143.08484,1923,30927,78,0.0746,6747815,False,False
202132,2021-08-10,523,RJ,Rio de Janeiro,3304557,city,412601,6114.58672,1916,30849,83,0.0748,6747815,False,False
202132,2021-08-09,522,RJ,Rio de Janeiro,3304557,city,410685,6086.19235,310,30766,5,0.0749,6747815,False,False
202132,2021-08-08,521,RJ,Rio de Janeiro,3304557,city,410375,6081.59827,494,30761,5,0.075,6747815,False,False
202131,2021-08-07,520,RJ,Rio de Janeiro,3304557,city,409881,6074.27738,2001,30756,48,0.075,6747815,False,False
202131,2021-08-06,519,RJ,Rio de Janeiro,3304557,city,407880,6044.62333,1909,30708,78,0.0753,6747815,False,False
202131,2021-08-05,518,RJ,Rio de Janeiro,3304557,city,405971,6016.33269,2367,30630,69,0.0754,6747815,False,False
202131,2021-08-04,517,RJ,Rio de Janeiro,3304557,city,403604,5981.25467,2084,30561,0,0.0757,6747815,False,False
202131,2021-08-03,516,RJ,Rio de Janeiro,3304557,city,401520,5950.3706,1990,30561,55,0.0761,6747815,False,False
202131,2021-08-02,515,RJ,Rio de Janeiro,3304557,city,399530,5920.87957,304,30506,69,0.0764,6747815,False,False
202131,2021-08-01,514,RJ,Rio de Janeiro,3304557,city,399226,5916.37441,390,30437,8,0.0762,6747815,False,False
202130,2021-07-31,513,RJ,Rio de Janeiro,3304557,city,398836,5910.59476,1531,30429,104,0.0763,6747815,False,False
202130,2021-07-30,512,RJ,Rio de Janeiro,3304557,city,397305,5887.90594,1203,30325,69,0.0763,6747815,False,False
202130,2021-07-29,511,RJ,Rio de Janeiro,3304557,city,396102,5870.07794,1249,30256,78,0.0764,6747815,False,False
202130,2021-07-28,510,RJ,Rio de Janeiro,3304557,city,394853,5851.56825,2127,30178,121,0.0764,6747815,False,False
202130,2021-07-27,509,RJ,Rio de Janeiro,3304557,city,392726,5820.04693,1858,30057,99,0.0765,6747815,False,False
202130,2021-07-26,508,RJ,Rio de Janeiro,3304557,city,390868,5792.51209,255,29958,18,0.0766,6747815,False,False
202130,2021-07-25,507,RJ,Rio de Janeiro,3304557,city,390613,5788.73309,368,29940,14,0.0766,6747815,False,False
202129,2021-07-24,506,RJ,Rio de Janeiro,3304557,city,390245,5783.27948,1629,29926,107,0.0767,6747815,False,False
202129,2021-07-23,505,RJ,Rio de Janeiro,3304557,city,388616,5759.13833,1847,29819,67,0.0767,6747815,False,False
202129,2021-07-22,504,RJ,Rio de Janeiro,3304557,city,386769,5731.76651,1715,29752,71,0.0769,6747815,False,False
202129,2021-07-21,503,RJ,Rio de Janeiro,3304557,city,385054,5706.35087,1509,29681,88,0.0771,6747815,False,False
202129,2021-07-20,502,RJ,Rio de Janeiro,3304557,city,383545,5683.98808,739,29593,88,0.0772,6747815,False,False
202129,2021-07-18,500,RJ,Rio de Janeiro,3304557,city,382806,5673.03638,301,29505,8,0.0771,6747815,False,False
202128,2021-07-17,499,RJ,Rio de Janeiro,3304557,city,382505,5668.57568,1748,29497,68,0.0771,6747815,False,False
202128,2021-07-16,498,RJ,Rio de Janeiro,3304557,city,380757,5642.671,1418,29429,68,0.0773,6747815,False,False
202128,2021-07-15,497,RJ,Rio de Janeiro,3304557,city,379339,5621.65679,1038,29361,66,0.0774,6747815,False,False
202128,2021-07-14,496,RJ,Rio de Janeiro,3304557,city,378301,5606.27403,1538,29295,54,0.0774,6747815,False,False
202128,2021-07-13,495,RJ,Rio de Janeiro,3304557,city,376763,5583.48147,855,29241,49,0.0776,6747815,False,False
202128,2021-07-12,494,RJ,Rio de Janeiro,3304557,city,375908,5570.8107,292,29192,7,0.0777,6747815,False,False
202128,2021-07-11,493,RJ,Rio de Janeiro,3304557,city,375616,5566.48337,374,29185,10,0.0777,6747815,False,False
202127,2021-07-10,492,RJ,Rio de Janeiro,3304557,city,375242,5560.94084,1466,29175,133,0.0777,6747815,False,False
202127,2021-07-09,491,RJ,Rio de Janeiro,3304557,city,373776,5539.21529,982,29042,0,0.0777,6747815,False,False
202127,2021-07-08,490,RJ,Rio de Janeiro,3304557,city,372794,5524.66243,533,29042,57,0.0779,6747815,False,False
202127,2021-07-07,489,RJ,Rio de Janeiro,3304557,city,372261,5516.76357,749,28985,37,0.0779,6747815,False,False
202127,2021-07-06,488,RJ,Rio de Janeiro,3304557,city,371512,5505.66369,1166,28948,82,0.0779,6747815,False,False
202127,2021-07-05,487,RJ,Rio de Janeiro,3304557,city,370346,5488.38402,164,28866,2,0.0779,6747815,False,False
202127,2021-07-04,486,RJ,Rio de Janeiro,3304557,city,370182,5485.9536,196,28864,1,0.078,6747815,False,False
202126,2021-07-03,485,RJ,Rio de Janeiro,3304557,city,369986,5483.04896,748,28863,58,0.078,6747815,False,False
202126,2021-07-02,484,RJ,Rio de Janeiro,3304557,city,369238,5471.96389,884,28805,74,0.078,6747815,False,False
202126,2021-07-01,483,RJ,Rio de Janeiro,3304557,city,368354,5458.86335,775,28731,115,0.078,6747815,False,False
202126,2021-06-30,482,RJ,Rio de Janeiro,3304557,city,367579,5447.37815,232,28616,110,0.0778,6747815,False,False
202126,2021-06-29,481,RJ,Rio de Janeiro,3304557,city,367347,5443.94,1420,28506,88,0.0776,6747815,False,False
202126,2021-06-28,480,RJ,Rio de Janeiro,3304557,city,365927,5422.89615,35,28418,10,0.0777,6747815,False,False
202126,2021-06-27,479,RJ,Rio de Janeiro,3304557,city,365892,5422.37747,386,28408,3,0.0776,6747815,False,False
202125,2021-06-26,478,RJ,Rio de Janeiro,3304557,city,365506,5416.6571,1538,28405,68,0.0777,6747815,False,False
202125,2021-06-25,477,RJ,Rio de Janeiro,3304557,city,363968,5393.86453,1837,28337,67,0.0779,6747815,False,False
202125,2021-06-24,476,RJ,Rio de Janeiro,3304557,city,362131,5366.64091,1666,28270,61,0.0781,6747815,False,False
202125,2021-06-23,475,RJ,Rio de Janeiro,3304557,city,360465,5341.95143,2136,28209,106,0.0783,6747815,False,False
202125,2021-06-22,474,RJ,Rio de Janeiro,3304557,city,358329,5310.29674,2133,28103,106,0.0784,6747815,False,False
202125,2021-06-21,473,RJ,Rio de Janeiro,3304557,city,356196,5278.68651,168,27997,8,0.0786,6747815,False,False
202125,2021-06-20,472,RJ,Rio de Janeiro,3304557,city,356028,5276.19681,255,27989,59,0.0786,6747815,False,False
202124,2021-06-19,471,RJ,Rio de Janeiro,3304557,city,355773,5272.41781,1630,27930,98,0.0785,6747815,False,False
202124,2021-06-18,470,RJ,Rio de Janeiro,3304557,city,354143,5248.26184,1953,27832,51,0.0786,6747815,False,False
202124,2021-06-17,469,RJ,Rio de Janeiro,3304557,city,352190,5219.31914,2585,27781,124,0.0789,6747815,False,False
202124,2021-06-16,468,RJ,Rio de Janeiro,3304557,city,349605,5181.01045,2485,27657,109,0.0791,6747815,False,False
202124,2021-06-15,467,RJ,Rio de Janeiro,3304557,city,347120,5144.18371,1864,27548,120,0.0794,6747815,False,False
202124,2021-06-14,466,RJ,Rio de Janeiro,3304557,city,345256,5116.55995,212,27428,11,0.0794,6747815,False,False
202124,2021-06-13,465,RJ,Rio de Janeiro,3304557,city,345044,5113.4182,421,27417,20,0.0795,6747815,False,False
202123,2021-06-12,464,RJ,Rio de Janeiro,3304557,city,344623,5107.17914,2055,27397,100,0.0795,6747815,False,False
202123,2021-06-11,463,RJ,Rio de Janeiro,3304557,city,342568,5076.72484,1896,27297,124,0.0797,6747815,False,False
202123,2021-06-10,462,RJ,Rio de Janeiro,3304557,city,340672,5048.62685,1956,27173,137,0.0798,6747815,False,False
202123,2021-06-09,461,RJ,Rio de Janeiro,3304557,city,338716,5019.63969,2481,27036,103,0.0798,6747815,False,False
202123,2021-06-08,460,RJ,Rio de Janeiro,3304557,city,336235,4982.87223,2077,26933,168,0.0801,6747815,False,False
202123,2021-06-07,459,RJ,Rio de Janeiro,3304557,city,334158,4952.0919,209,26765,0,0.0801,6747815,False,False
202123,2021-06-06,458,RJ,Rio de Janeiro,3304557,city,333949,4948.9946,482,26765,0,0.0801,6747815,False,False
202122,2021-06-05,457,RJ,Rio de Janeiro,3304557,city,333467,4941.85155,1778,26765,76,0.0803,6747815,False,False
202122,2021-06-04,456,RJ,Rio de Janeiro,3304557,city,331689,4915.50228,748,26689,22,0.0805,6747815,False,False
202122,2021-06-03,455,RJ,Rio de Janeiro,3304557,city,330941,4904.41721,1882,26667,112,0.0806,6747815,False,False
202122,2021-06-02,454,RJ,Rio de Janeiro,3304557,city,329059,4876.5267,2510,26555,118,0.0807,6747815,False,False
202122,2021-06-01,453,RJ,Rio de Janeiro,3304557,city,326549,4839.32947,2004,26437,137,0.081,6747815,False,False
202122,2021-05-31,452,RJ,Rio de Janeiro,3304557,city,324545,4809.63097,226,26300,6,0.081,6747815,False,False
202122,2021-05-30,451,RJ,Rio de Janeiro,3304557,city,324319,4806.28174,651,26294,-1,0.0811,6747815,False,False
202121,2021-05-29,450,RJ,Rio de Janeiro,3304557,city,323668,4796.63417,3021,26295,64,0.0812,6747815,False,False
202121,2021-05-28,449,RJ,Rio de Janeiro,3304557,city,320647,4751.86412,254,26231,46,0.0818,6747815,False,False
202121,2021-05-27,448,RJ,Rio de Janeiro,3304557,city,320393,4748.09994,1363,26185,95,0.0817,6747815,False,False
202121,2021-05-26,447,RJ,Rio de Janeiro,3304557,city,319030,4727.90081,1534,26090,101,0.0818,6747815,False,False
202121,2021-05-25,446,RJ,Rio de Janeiro,3304557,city,317496,4705.16752,1867,25989,56,0.0819,6747815,False,False
202121,2021-05-24,445,RJ,Rio de Janeiro,3304557,city,315629,4677.49931,274,25933,9,0.0822,6747815,False,False
202121,2021-05-23,444,RJ,Rio de Janeiro,3304557,city,315355,4673.43874,694,25924,4,0.0822,6747815,False,False
202120,2021-05-22,443,RJ,Rio de Janeiro,3304557,city,314661,4663.15392,1890,25920,80,0.0824,6747815,False,False
202120,2021-05-21,442,RJ,Rio de Janeiro,3304557,city,312771,4635.14486,2100,25840,103,0.0826,6747815,False,False
202120,2021-05-20,441,RJ,Rio de Janeiro,3304557,city,310671,4604.02367,1891,25737,163,0.0828,6747815,False,False
202120,2021-05-19,440,RJ,Rio de Janeiro,3304557,city,308780,4575.99979,2010,25574,149,0.0828,6747815,False,False
202120,2021-05-18,439,RJ,Rio de Janeiro,3304557,city,306770,4546.21237,2896,25425,136,0.0829,6747815,False,False
202120,2021-05-17,438,RJ,Rio de Janeiro,3304557,city,303874,4503.29477,384,25289,0,0.0832,6747815,False,False
202120,2021-05-16,437,RJ,Rio de Janeiro,3304557,city,303490,4497.60404,695,25289,11,0.0833,6747815,False,False
202119,2021-05-15,436,RJ,Rio de Janeiro,3304557,city,302795,4487.30441,2819,25278,84,0.0835,6747815,False,False
202119,2021-05-14,435,RJ,Rio de Janeiro,3304557,city,299976,4445.52792,4297,25194,106,0.084,6747815,False,False
202119,2021-05-13,434,RJ,Rio de Janeiro,3304557,city,295679,4381.84805,3183,25088,139,0.0848,6747815,False,False
202119,2021-05-12,433,RJ,Rio de Janeiro,3304557,city,292496,4334.67723,2702,24949,96,0.0853,6747815,False,False
202119,2021-05-11,432,RJ,Rio de Janeiro,3304557,city,289794,4294.63463,2904,24853,132,0.0858,6747815,False,False
202119,2021-05-10,431,RJ,Rio de Janeiro,3304557,city,286890,4251.59848,207,24721,7,0.0862,6747815,False,False
202119,2021-05-09,430,RJ,Rio de Janeiro,3304557,city,286683,4248.53082,834,24714,9,0.0862,6747815,False,False
202118,2021-05-08,429,RJ,Rio de Janeiro,3304557,city,285849,4236.17126,3899,24705,108,0.0864,6747815,False,False
202118,2021-05-07,428,RJ,Rio de Janeiro,3304557,city,281950,4178.3896,6117,24597,102,0.0872,6747815,False,False
202118,2021-05-06,427,RJ,Rio de Janeiro,3304557,city,275833,4087.73803,6683,24495,178,0.0888,6747815,False,False
202118,2021-05-05,426,RJ,Rio de Janeiro,3304557,city,269150,3988.69856,5024,24317,138,0.0903,6747815,False,False
202118,2021-05-04,425,RJ,Rio de Janeiro,3304557,city,264126,3914.24483,2725,24179,141,0.0915,6747815,False,False
202118,2021-05-03,424,RJ,Rio de Janeiro,3304557,city,261401,3873.86139,633,24038,36,0.092,6747815,False,False
202118,2021-05-02,423,RJ,Rio de Janeiro,3304557,city,260768,3864.48058,1387,24002,147,0.092,6747815,False,False
202117,2021-05-01,422,RJ,Rio de Janeiro,3304557,city,259381,3843.92577,0,23855,0,0.092,6747815,False,False
202117,2021-04-30,421,RJ,Rio de Janeiro,3304557,city,259381,3843.92577,1343,23855,145,0.092,6747815,False,False
202117,2021-04-29,420,RJ,Rio de Janeiro,3304557,city,258038,3824.02304,1122,23710,118,0.0919,6747815,False,False
202117,2021-04-28,419,RJ,Rio de Janeiro,3304557,city,256916,3807.39543,1591,23592,140,0.0918,6747815,False,False
202117,2021-04-27,418,RJ,Rio de Janeiro,3304557,city,255325,3783.81743,1638,23452,196,0.0919,6747815,False,False
202117,2021-04-26,417,RJ,Rio de Janeiro,3304557,city,253687,3759.5429,195,23256,2,0.0917,6747815,False,False
202117,2021-04-25,416,RJ,Rio de Janeiro,3304557,city,253492,3756.65308,420,23254,35,0.0917,6747815,False,False
202116,2021-04-24,415,RJ,Rio de Janeiro,3304557,city,253072,3750.42884,1247,23219,124,0.0917,6747815,False,False
202116,2021-04-23,414,RJ,Rio de Janeiro,3304557,city,251825,3731.94879,1664,23095,172,0.0917,6747815,False,False
202116,2021-04-22,413,RJ,Rio de Janeiro,3304557,city,250161,3707.28895,1561,22923,90,0.0916,6747815,False,False
202116,2021-04-21,412,RJ,Rio de Janeiro,3304557,city,248600,3684.15554,1422,22833,119,0.0918,6747815,False,False
202116,2021-04-20,411,RJ,Rio de Janeiro,3304557,city,247178,3663.08205,1443,22714,160,0.0919,6747815,False,False
202116,2021-04-19,410,RJ,Rio de Janeiro,3304557,city,245735,3641.69735,285,22554,57,0.0918,6747815,False,False
202116,2021-04-18,409,RJ,Rio de Janeiro,3304557,city,245450,3637.47376,344,22497,20,0.0917,6747815,False,False
202115,2021-04-17,408,RJ,Rio de Janeiro,3304557,city,245106,3632.37581,2861,22477,290,0.0917,6747815,False,False
202115,2021-04-15,406,RJ,Rio de Janeiro,3304557,city,242245,3589.9769,1488,22187,122,0.0916,6747815,False,False
202115,2021-04-14,405,RJ,Rio de Janeiro,3304557,city,240757,3567.92532,1232,22065,132,0.0916,6747815,False,False
202115,2021-04-13,404,RJ,Rio de Janeiro,3304557,city,239525,3549.66756,1551,21933,181,0.0916,6747815,False,False
202115,2021-04-12,403,RJ,Rio de Janeiro,3304557,city,237974,3526.68234,117,21752,13,0.0914,6747815,False,False
202115,2021-04-11,402,RJ,Rio de Janeiro,3304557,city,237857,3524.94845,285,21739,12,0.0914,6747815,False,False
202114,2021-04-10,401,RJ,Rio de Janeiro,3304557,city,237572,3520.72486,1233,21727,114,0.0915,6747815,False,False
202114,2021-04-09,400,RJ,Rio de Janeiro,3304557,city,236339,3502.45228,1334,21613,177,0.0914,6747815,False,False
202114,2021-04-08,399,RJ,Rio de Janeiro,3304557,city,235005,3482.68291,1581,21436,144,0.0912,6747815,False,False
202114,2021-04-07,398,RJ,Rio de Janeiro,3304557,city,233424,3459.25311,1298,21292,115,0.0912,6747815,False,False
202114,2021-04-06,397,RJ,Rio de Janeiro,3304557,city,232126,3440.01725,1464,21177,188,0.0912,6747815,False,False
202114,2021-04-05,396,RJ,Rio de Janeiro,3304557,city,230662,3418.32134,212,20989,2,0.091,6747815,False,False
202114,2021-04-04,395,RJ,Rio de Janeiro,3304557,city,230450,3415.17958,522,20987,32,0.0911,6747815,False,False
202113,2021-04-03,394,RJ,Rio de Janeiro,3304557,city,229928,3407.44374,878,20955,164,0.0911,6747815,False,False
202113,2021-04-02,393,RJ,Rio de Janeiro,3304557,city,229050,3394.43212,1260,20791,104,0.0908,6747815,False,False
202113,2021-04-01,392,RJ,Rio de Janeiro,3304557,city,227790,3375.75941,1121,20687,246,0.0908,6747815,False,False
202113,2021-03-31,391,RJ,Rio de Janeiro,3304557,city,226669,3359.14663,1542,20441,121,0.0902,6747815,False,False
202113,2021-03-30,390,RJ,Rio de Janeiro,3304557,city,225127,3336.29479,1192,20320,186,0.0903,6747815,False,False
202113,2021-03-29,389,RJ,Rio de Janeiro,3304557,city,223935,3318.62981,219,20134,25,0.0899,6747815,False,False
202113,2021-03-28,388,RJ,Rio de Janeiro,3304557,city,223716,3315.38431,1007,20109,17,0.0899,6747815,False,False
202112,2021-03-27,387,RJ,Rio de Janeiro,3304557,city,222709,3300.46096,453,20092,58,0.0902,6747815,False,False
202112,2021-03-26,386,RJ,Rio de Janeiro,3304557,city,222256,3293.74768,916,20034,108,0.0901,6747815,False,False
202112,2021-03-25,385,RJ,Rio de Janeiro,3304557,city,221340,3280.17292,793,19926,65,0.09,6747815,False,False
202112,2021-03-24,384,RJ,Rio de Janeiro,3304557,city,220547,3268.42096,738,19861,2,0.0901,6747815,False,False
202112,2021-03-23,383,RJ,Rio de Janeiro,3304557,city,219809,3257.48409,1151,19859,69,0.0903,6747815,False,False
202112,2021-03-22,382,RJ,Rio de Janeiro,3304557,city,218658,3240.42672,528,19790,44,0.0905,6747815,False,False
202112,2021-03-21,381,RJ,Rio de Janeiro,3304557,city,218130,3232.60196,95,19746,30,0.0905,6747815,False,False
202111,2021-03-20,380,RJ,Rio de Janeiro,3304557,city,218035,3231.1941,813,19716,56,0.0904,6747815,False,False
202111,2021-03-19,379,RJ,Rio de Janeiro,3304557,city,217222,3219.14575,809,19660,77,0.0905,6747815,False,False
202111,2021-03-18,378,RJ,Rio de Janeiro,3304557,city,216413,3207.15669,1150,19583,51,0.0905,6747815,False,False
202111,2021-03-17,377,RJ,Rio de Janeiro,3304557,city,215263,3190.11413,656,19532,93,0.0907,6747815,False,False
202111,2021-03-16,376,RJ,Rio de Janeiro,3304557,city,214607,3180.39247,975,19439,59,0.0906,6747815,False,False
202111,2021-03-15,375,RJ,Rio de Janeiro,3304557,city,213632,3165.94335,144,19380,0,0.0907,6747815,False,False
202111,2021-03-14,374,RJ,Rio de Janeiro,3304557,city,213488,3163.80932,199,19380,1,0.0908,6747815,False,False
202110,2021-03-13,373,RJ,Rio de Janeiro,3304557,city,213289,3160.86022,967,19379,45,0.0909,6747815,False,False
202110,2021-03-12,372,RJ,Rio de Janeiro,3304557,city,212322,3146.52965,640,19334,65,0.0911,6747815,False,False
202110,2021-03-11,371,RJ,Rio de Janeiro,3304557,city,211682,3137.0451,607,19269,62,0.091,6747815,False,False
202110,2021-03-10,370,RJ,Rio de Janeiro,3304557,city,211075,3128.0496,722,19207,10,0.091,6747815,False,False
202110,2021-03-09,369,RJ,Rio de Janeiro,3304557,city,210353,3117.34984,620,19197,42,0.0913,6747815,False,False
202110,2021-03-08,368,RJ,Rio de Janeiro,3304557,city,209733,3108.16168,86,19155,12,0.0913,6747815,False,False
202110,2021-03-07,367,RJ,Rio de Janeiro,3304557,city,209647,3106.88719,120,19143,0,0.0913,6747815,False,False
202109,2021-03-06,366,RJ,Rio de Janeiro,3304557,city,209527,3105.10884,469,19143,28,0.0914,6747815,False,False
202109,2021-03-05,365,RJ,Rio de Janeiro,3304557,city,209058,3098.15844,522,19115,79,0.0914,6747815,False,False
202109,2021-03-04,364,RJ,Rio de Janeiro,3304557,city,208536,3090.4226,465,19036,44,0.0913,6747815,False,False
202109,2021-03-03,363,RJ,Rio de Janeiro,3304557,city,208071,3083.53148,451,18992,72,0.0913,6747815,False,False
202109,2021-03-02,362,RJ,Rio de Janeiro,3304557,city,207620,3076.84784,445,18920,51,0.0911,6747815,False,False
202109,2021-03-01,361,RJ,Rio de Janeiro,3304557,city,207175,3070.25311,190,18869,6,0.0911,6747815,False,False
202109,2021-02-28,360,RJ,Rio de Janeiro,3304557,city,206985,3067.43739,158,18863,22,0.0911,6747815,False,False
202108,2021-02-27,359,RJ,Rio de Janeiro,3304557,city,206827,3065.09589,411,18841,35,0.0911,6747815,False,False
202108,2021-02-26,358,RJ,Rio de Janeiro,3304557,city,206416,3059.00503,267,18806,44,0.0911,6747815,False,False
202108,2021-02-25,357,RJ,Rio de Janeiro,3304557,city,206149,3055.04819,217,18762,124,0.091,6747815,False,False
202108,2021-02-24,356,RJ,Rio de Janeiro,3304557,city,205932,3051.83233,168,18638,95,0.0905,6747815,False,False
202108,2021-02-23,355,RJ,Rio de Janeiro,3304557,city,205764,3049.34264,332,18543,103,0.0901,6747815,False,False
202108,2021-02-22,354,RJ,Rio de Janeiro,3304557,city,205432,3044.42253,152,18440,41,0.0898,6747815,False,False
202108,2021-02-21,353,RJ,Rio de Janeiro,3304557,city,205280,3042.16995,88,18399,5,0.0896,6747815,False,False
202107,2021-02-20,352,RJ,Rio de Janeiro,3304557,city,205192,3040.86582,531,18394,31,0.0896,6747815,False,False
202107,2021-02-19,351,RJ,Rio de Janeiro,3304557,city,204661,3032.99661,498,18363,68,0.0897,6747815,False,False
202107,2021-02-18,350,RJ,Rio de Janeiro,3304557,city,204163,3025.61644,1030,18295,123,0.0896,6747815,False,False
202107,2021-02-17,349,RJ,Rio de Janeiro,3304557,city,203133,3010.35224,122,18172,51,0.0895,6747815,False,False
202107,2021-02-16,348,RJ,Rio de Janeiro,3304557,city,203011,3008.54425,7592,18121,105,0.0893,6747815,False,False
202107,2021-02-15,347,RJ,Rio de Janeiro,3304557,city,195419,2896.03375,36,18016,20,0.0922,6747815,False,False
202107,2021-02-14,346,RJ,Rio de Janeiro,3304557,city,195383,2895.50025,75,17996,29,0.0921,6747815,False,False
202106,2021-02-13,345,RJ,Rio de Janeiro,3304557,city,195308,2894.38878,67,17967,29,0.092,6747815,False,False
202106,2021-02-12,344,RJ,Rio de Janeiro,3304557,city,195241,2893.39586,744,17938,50,0.0919,6747815,False,False
202106,2021-02-11,343,RJ,Rio de Janeiro,3304557,city,194497,2882.37007,729,17888,123,0.092,6747815,False,False
202106,2021-02-10,342,RJ,Rio de Janeiro,3304557,city,193768,2871.56657,641,17765,64,0.0917,6747815,False,False
202106,2021-02-09,341,RJ,Rio de Janeiro,3304557,city,193127,2862.0672,900,17701,50,0.0917,6747815,False,False
202106,2021-02-08,340,RJ,Rio de Janeiro,3304557,city,192227,2848.72955,137,17651,3,0.0918,6747815,False,False
202106,2021-02-07,339,RJ,Rio de Janeiro,3304557,city,192090,2846.69926,99,17648,1,0.0919,6747815,False,False
202105,2021-02-06,338,RJ,Rio de Janeiro,3304557,city,191991,2845.23212,467,17647,20,0.0919,6747815,False,False
202105,2021-02-05,337,RJ,Rio de Janeiro,3304557,city,191524,2838.31136,486,17627,92,0.092,6747815,False,False
202105,2021-02-04,336,RJ,Rio de Janeiro,3304557,city,191038,2831.10903,711,17535,106,0.0918,6747815,False,False
202105,2021-02-03,335,RJ,Rio de Janeiro,3304557,city,190327,2820.57229,648,17429,77,0.0916,6747815,False,False
202105,2021-02-02,334,RJ,Rio de Janeiro,3304557,city,189679,2810.96918,569,17352,98,0.0915,6747815,False,False
202105,2021-02-01,333,RJ,Rio de Janeiro,3304557,city,189110,2802.53682,111,17254,33,0.0912,6747815,False,False
202105,2021-01-31,332,RJ,Rio de Janeiro,3304557,city,188999,2800.89184,166,17221,5,0.0911,6747815,False,False
202104,2021-01-30,331,RJ,Rio de Janeiro,3304557,city,188833,2798.43179,706,17216,102,0.0912,6747815,False,False
202104,2021-01-29,330,RJ,Rio de Janeiro,3304557,city,188127,2787.96914,788,17114,97,0.091,6747815,False,False
202104,2021-01-28,329,RJ,Rio de Janeiro,3304557,city,187339,2776.29129,994,17017,93,0.0908,6747815,False,False
202104,2021-01-27,328,RJ,Rio de Janeiro,3304557,city,186345,2761.56059,785,16924,86,0.0908,6747815,False,False
202104,2021-01-26,327,RJ,Rio de Janeiro,3304557,city,185560,2749.9272,884,16838,131,0.0907,6747815,False,False
202104,2021-01-25,326,RJ,Rio de Janeiro,3304557,city,184676,2736.82666,131,16707,20,0.0905,6747815,False,False
202104,2021-01-24,325,RJ,Rio de Janeiro,3304557,city,184545,2734.88529,252,16687,2,0.0904,6747815,False,False
202103,2021-01-23,324,RJ,Rio de Janeiro,3304557,city,184293,2731.15075,1098,16685,77,0.0905,6747815,False,False
202103,2021-01-22,323,RJ,Rio de Janeiro,3304557,city,183195,2714.87882,482,16608,65,0.0907,6747815,False,False
202103,2021-01-21,322,RJ,Rio de Janeiro,3304557,city,182713,2707.73576,681,16543,144,0.0905,6747815,False,False
202103,2021-01-20,321,RJ,Rio de Janeiro,3304557,city,182032,2697.64361,1048,16399,79,0.0901,6747815,False,False
202103,2021-01-19,320,RJ,Rio de Janeiro,3304557,city,180984,2682.11265,1029,16320,193,0.0902,6747815,False,False
202103,2021-01-18,319,RJ,Rio de Janeiro,3304557,city,179955,2666.86327,167,16127,8,0.0896,6747815,False,False
202103,2021-01-17,318,RJ,Rio de Janeiro,3304557,city,179788,2664.3884,310,16119,18,0.0897,6747815,False,False
202102,2021-01-16,317,RJ,Rio de Janeiro,3304557,city,179478,2659.79432,3057,16101,307,0.0897,6747815,False,False
202102,2021-01-13,314,RJ,Rio de Janeiro,3304557,city,176421,2614.49076,969,15794,130,0.0895,6747815,False,False
202102,2021-01-12,313,RJ,Rio de Janeiro,3304557,city,175452,2600.13056,1105,15664,131,0.0893,6747815,False,False
202102,2021-01-11,312,RJ,Rio de Janeiro,3304557,city,174347,2583.75489,193,15533,1,0.0891,6747815,False,False
202102,2021-01-10,311,RJ,Rio de Janeiro,3304557,city,174154,2580.8947,863,15532,5,0.0892,6747815,False,False
202101,2021-01-09,310,RJ,Rio de Janeiro,3304557,city,173291,2568.10538,292,15527,104,0.0896,6747815,False,False
202101,2021-01-08,309,RJ,Rio de Janeiro,3304557,city,172999,2563.77805,1156,15423,111,0.0892,6747815,False,False
202101,2021-01-07,308,RJ,Rio de Janeiro,3304557,city,171843,2546.64658,1207,15312,132,0.0891,6747815,False,False
202101,2021-01-06,307,RJ,Rio de Janeiro,3304557,city,170636,2528.75931,1264,15180,103,0.089,6747815,False,False
202101,2021-01-05,306,RJ,Rio de Janeiro,3304557,city,169372,2510.02732,1514,15077,162,0.089,6747815,False,False
202101,2021-01-04,305,RJ,Rio de Janeiro,3304557,city,167858,2487.59043,2669,14915,2,0.0889,6747815,False,False
202101,2021-01-03,304,RJ,Rio de Janeiro,3304557,city,165189,2448.03688,26,14913,7,0.0903,6747815,False,False
202053,2021-01-02,303,RJ,Rio de Janeiro,3304557,city,165163,2447.65157,5,14906,1,0.0903,6747815,False,False
202053,2021-01-01,302,RJ,Rio de Janeiro,3304557,city,165158,2447.57748,79,14905,45,0.0902,6747815,False,False
202053,2020-12-31,301,RJ,Rio de Janeiro,3304557,city,165079,2446.40673,297,14860,117,0.09,6747815,False,False
202053,2020-12-30,300,RJ,Rio de Janeiro,3304557,city,164782,2442.0053,2010,14743,110,0.0895,6747815,False,False
202053,2020-12-29,299,RJ,Rio de Janeiro,3304557,city,162772,2412.21788,1581,14633,85,0.0899,6747815,False,False
202053,2020-12-28,298,RJ,Rio de Janeiro,3304557,city,161191,2388.78807,188,14548,16,0.0903,6747815,False,False
202053,2020-12-27,297,RJ,Rio de Janeiro,3304557,city,161003,2386.00199,461,14532,6,0.0903,6747815,False,False
202052,2020-12-26,296,RJ,Rio de Janeiro,3304557,city,160542,2379.17015,173,14526,3,0.0905,6747815,False,False
202052,2020-12-25,295,RJ,Rio de Janeiro,3304557,city,160369,2376.60635,504,14523,42,0.0906,6747815,False,False
202052,2020-12-24,294,RJ,Rio de Janeiro,3304557,city,159865,2369.13727,1384,14481,84,0.0906,6747815,False,False
202052,2020-12-23,293,RJ,Rio de Janeiro,3304557,city,158481,2348.62693,788,14397,17,0.0908,6747815,False,False
202052,2020-12-22,292,RJ,Rio de Janeiro,3304557,city,157693,2336.94907,875,14380,84,0.0912,6747815,False,False
202052,2020-12-21,291,RJ,Rio de Janeiro,3304557,city,156818,2323.98191,235,14296,3,0.0912,6747815,False,False
202052,2020-12-20,290,RJ,Rio de Janeiro,3304557,city,156583,2320.4993,194,14293,0,0.0913,6747815,False,False
202051,2020-12-19,289,RJ,Rio de Janeiro,3304557,city,156389,2317.6243,955,14293,56,0.0914,6747815,False,False
202051,2020-12-18,288,RJ,Rio de Janeiro,3304557,city,155434,2303.47157,1251,14237,60,0.0916,6747815,False,False
202051,2020-12-17,287,RJ,Rio de Janeiro,3304557,city,154183,2284.93223,1156,14177,26,0.0919,6747815,False,False
202051,2020-12-16,286,RJ,Rio de Janeiro,3304557,city,153027,2267.80076,1134,14151,136,0.0925,6747815,False,False
202051,2020-12-15,285,RJ,Rio de Janeiro,3304557,city,151893,2250.99532,362,14015,92,0.0923,6747815,False,False
202051,2020-12-14,284,RJ,Rio de Janeiro,3304557,city,151531,2245.63062,190,13923,1,0.0919,6747815,False,False
202051,2020-12-13,283,RJ,Rio de Janeiro,3304557,city,151341,2242.8149,131,13922,4,0.092,6747815,False,False
202050,2020-12-12,282,RJ,Rio de Janeiro,3304557,city,151210,2240.87353,1138,13918,36,0.092,6747815,False,False
202050,2020-12-11,281,RJ,Rio de Janeiro,3304557,city,150072,2224.00881,1388,13882,38,0.0925,6747815,False,False
202050,2020-12-10,280,RJ,Rio de Janeiro,3304557,city,148684,2203.43919,1467,13844,72,0.0931,6747815,False,False
202050,2020-12-09,279,RJ,Rio de Janeiro,3304557,city,147217,2181.69882,1454,13772,96,0.0935,6747815,False,False
202050,2020-12-08,278,RJ,Rio de Janeiro,3304557,city,145763,2160.1511,1122,13676,82,0.0938,6747815,False,False
202050,2020-12-07,277,RJ,Rio de Janeiro,3304557,city,144641,2143.5235,148,13594,13,0.094,6747815,False,False
202050,2020-12-06,276,RJ,Rio de Janeiro,3304557,city,144493,2141.33019,294,13581,11,0.094,6747815,False,False
202049,2020-12-05,275,RJ,Rio de Janeiro,3304557,city,144199,2136.97323,1007,13570,38,0.0941,6747815,False,False
202049,2020-12-04,274,RJ,Rio de Janeiro,3304557,city,143192,2122.04988,961,13532,67,0.0945,6747815,False,False
202049,2020-12-03,273,RJ,Rio de Janeiro,3304557,city,142231,2107.80823,1367,13465,60,0.0947,6747815,False,False
202049,2020-12-02,272,RJ,Rio de Janeiro,3304557,city,140864,2087.54982,1367,13405,47,0.0952,6747815,False,False
202049,2020-12-01,271,RJ,Rio de Janeiro,3304557,city,139497,2067.29141,1637,13358,63,0.0958,6747815,False,False
202049,2020-11-30,270,RJ,Rio de Janeiro,3304557,city,137860,2043.03171,217,13295,28,0.0964,6747815,False,False
202049,2020-11-29,269,RJ,Rio de Janeiro,3304557,city,137643,2039.81585,450,13267,6,0.0964,6747815,False,False
202048,2020-11-28,268,RJ,Rio de Janeiro,3304557,city,137193,2033.14703,2100,13261,35,0.0967,6747815,False,False
202048,2020-11-27,267,RJ,Rio de Janeiro,3304557,city,135093,2002.02584,419,13226,34,0.0979,6747815,False,False
202048,2020-11-26,266,RJ,Rio de Janeiro,3304557,city,134674,1995.81642,838,13192,77,0.098,6747815,False,False
202048,2020-11-25,265,RJ,Rio de Janeiro,3304557,city,133836,1983.39759,1487,13115,51,0.098,6747815,False,False
202048,2020-11-24,264,RJ,Rio de Janeiro,3304557,city,132349,1961.36083,916,13064,85,0.0987,6747815,False,False
202048,2020-11-23,263,RJ,Rio de Janeiro,3304557,city,131433,1947.78606,192,12979,44,0.0987,6747815,False,False
202048,2020-11-22,262,RJ,Rio de Janeiro,3304557,city,131241,1944.9407,292,12935,0,0.0986,6747815,False,False
202047,2020-11-21,261,RJ,Rio de Janeiro,3304557,city,130949,1940.61337,314,12935,12,0.0988,6747815,False,False
202047,2020-11-20,260,RJ,Rio de Janeiro,3304557,city,130635,1935.96001,1004,12923,79,0.0989,6747815,False,False
202047,2020-11-19,259,RJ,Rio de Janeiro,3304557,city,129631,1921.08112,797,12844,51,0.0991,6747815,False,False
202047,2020-11-18,258,RJ,Rio de Janeiro,3304557,city,128834,1909.26989,913,12793,140,0.0993,6747815,False,False
202047,2020-11-17,257,RJ,Rio de Janeiro,3304557,city,127921,1895.73958,1097,12653,141,0.0989,6747815,False,False
202047,2020-11-16,256,RJ,Rio de Janeiro,3304557,city,126824,1879.48247,133,12512,2,0.0987,6747815,False,False
202047,2020-11-15,255,RJ,Rio de Janeiro,3304557,city,126691,1877.51146,268,12510,4,0.0987,6747815,False,False
202046,2020-11-14,254,RJ,Rio de Janeiro,3304557,city,126423,1873.53981,960,12506,87,0.0989,6747815,False,False
202046,2020-11-13,253,RJ,Rio de Janeiro,3304557,city,125463,1859.31298,551,12419,0,0.099,6747815,False,False
202046,2020-11-12,252,RJ,Rio de Janeiro,3304557,city,124912,1851.14737,1038,12419,97,0.0994,6747815,False,False
202046,2020-11-11,251,RJ,Rio de Janeiro,3304557,city,123874,1835.76461,593,12322,10,0.0995,6747815,False,False
202046,2020-11-10,250,RJ,Rio de Janeiro,3304557,city,123281,1826.97658,754,12312,0,0.0999,6747815,False,False
202046,2020-11-09,249,RJ,Rio de Janeiro,3304557,city,122527,1815.8026,232,12312,0,0.1005,6747815,False,False
202046,2020-11-08,248,RJ,Rio de Janeiro,3304557,city,122295,1812.36445,138,12312,0,0.1007,6747815,False,False
202045,2020-11-07,247,RJ,Rio de Janeiro,3304557,city,122157,1810.31934,459,12312,44,0.1008,6747815,False,False
202045,2020-11-06,246,RJ,Rio de Janeiro,3304557,city,121698,1803.51714,896,12268,0,0.1008,6747815,False,False
202045,2020-11-05,245,RJ,Rio de Janeiro,3304557,city,120802,1790.23877,370,12268,49,0.1016,6747815,False,False
202045,2020-11-04,244,RJ,Rio de Janeiro,3304557,city,120432,1784.75551,606,12219,71,0.1015,6747815,False,False
202045,2020-11-03,243,RJ,Rio de Janeiro,3304557,city,119826,1775.77482,233,12148,8,0.1014,6747815,False,False
202045,2020-11-02,242,RJ,Rio de Janeiro,3304557,city,119593,1772.32186,92,12140,11,0.1015,6747815,False,False
202045,2020-11-01,241,RJ,Rio de Janeiro,3304557,city,119501,1770.95845,300,12129,4,0.1015,6747815,False,False
202044,2020-10-31,240,RJ,Rio de Janeiro,3304557,city,119201,1766.51257,366,12125,6,0.1017,6747815,False,False
202044,2020-10-30,239,RJ,Rio de Janeiro,3304557,city,118835,1761.08859,402,12119,55,0.102,6747815,False,False
202044,2020-10-29,238,RJ,Rio de Janeiro,3304557,city,118433,1755.13111,477,12064,55,0.1019,6747815,False,False
202044,2020-10-28,237,RJ,Rio de Janeiro,3304557,city,117956,1748.06215,577,12009,57,0.1018,6747815,False,False
202044,2020-10-27,236,RJ,Rio de Janeiro,3304557,city,117379,1739.51123,788,11952,53,0.1018,6747815,False,False
202044,2020-10-26,235,RJ,Rio de Janeiro,3304557,city,116591,1727.83338,392,11899,29,0.1021,6747815,False,False
202044,2020-10-25,234,RJ,Rio de Janeiro,3304557,city,116199,1722.02409,0,11870,0,0.1022,6747815,False,False
202043,2020-10-24,233,RJ,Rio de Janeiro,3304557,city,116199,1722.02409,564,11870,36,0.1022,6747815,False,False
202043,2020-10-23,232,RJ,Rio de Janeiro,3304557,city,115635,1713.66583,422,11834,57,0.1023,6747815,False,False
202043,2020-10-22,231,RJ,Rio de Janeiro,3304557,city,115213,1707.41195,452,11777,43,0.1022,6747815,False,False
202043,2020-10-21,230,RJ,Rio de Janeiro,3304557,city,114761,1700.71349,487,11734,62,0.1022,6747815,False,False
202043,2020-10-20,229,RJ,Rio de Janeiro,3304557,city,114274,1693.49634,177,11672,35,0.1021,6747815,False,False
202043,2020-10-19,228,RJ,Rio de Janeiro,3304557,city,114097,1690.87327,398,11637,4,0.102,6747815,False,False
202043,2020-10-18,227,RJ,Rio de Janeiro,3304557,city,113699,1684.97506,91,11633,23,0.1023,6747815,False,False
202042,2020-10-17,226,RJ,Rio de Janeiro,3304557,city,113608,1683.62648,96,11610,28,0.1022,6747815,False,False
202042,2020-10-16,225,RJ,Rio de Janeiro,3304557,city,113512,1682.20379,2043,11582,45,0.102,6747815,False,False
202042,2020-10-15,224,RJ,Rio de Janeiro,3304557,city,111469,1651.92733,91,11537,50,0.1035,6747815,False,False
202042,2020-10-14,223,RJ,Rio de Janeiro,3304557,city,111378,1650.57874,96,11487,61,0.1031,6747815,False,False
202042,2020-10-13,222,RJ,Rio de Janeiro,3304557,city,111282,1649.15606,27,11426,20,0.1027,6747815,False,False
202042,2020-10-12,221,RJ,Rio de Janeiro,3304557,city,111255,1648.75593,0,11406,0,0.1025,6747815,False,False
202042,2020-10-11,220,RJ,Rio de Janeiro,3304557,city,111255,1648.75593,37,11406,5,0.1025,6747815,False,False
202041,2020-10-10,219,RJ,Rio de Janeiro,3304557,city,111218,1648.2076,212,11401,23,0.1025,6747815,False,False
202041,2020-10-09,218,RJ,Rio de Janeiro,3304557,city,111006,1645.06585,804,11378,65,0.1025,6747815,False,False
202041,2020-10-08,217,RJ,Rio de Janeiro,3304557,city,110202,1633.15088,655,11313,73,0.1027,6747815,False,False
202041,2020-10-07,216,RJ,Rio de Janeiro,3304557,city,109547,1623.44403,843,11240,43,0.1026,6747815,False,False
202041,2020-10-06,215,RJ,Rio de Janeiro,3304557,city,108704,1610.9511,1061,11197,79,0.103,6747815,False,False
202041,2020-10-05,214,RJ,Rio de Janeiro,3304557,city,107643,1595.22749,1473,11118,11,0.1033,6747815,False,False
202041,2020-10-04,213,RJ,Rio de Janeiro,3304557,city,106170,1573.3982,32,11107,6,0.1046,6747815,False,False
202040,2020-10-03,212,RJ,Rio de Janeiro,3304557,city,106138,1572.92398,60,11101,24,0.1046,6747815,False,False
202040,2020-10-02,211,RJ,Rio de Janeiro,3304557,city,106078,1572.0348,3177,11077,53,0.1044,6747815,False,False
202040,2020-10-01,210,RJ,Rio de Janeiro,3304557,city,102901,1524.95289,185,11024,55,0.1071,6747815,False,False
202040,2020-09-30,209,RJ,Rio de Janeiro,3304557,city,102716,1522.21126,207,10969,43,0.1068,6747815,False,False
202040,2020-09-29,208,RJ,Rio de Janeiro,3304557,city,102509,1519.1436,183,10926,70,0.1066,6747815,False,False
202040,2020-09-28,207,RJ,Rio de Janeiro,3304557,city,102326,1516.43162,80,10856,7,0.1061,6747815,False,False
202040,2020-09-27,206,RJ,Rio de Janeiro,3304557,city,102246,1515.24605,2114,10849,15,0.1061,6747815,False,False
202039,2020-09-26,205,RJ,Rio de Janeiro,3304557,city,100132,1483.91739,87,10834,41,0.1082,6747815,False,False
202039,2020-09-25,204,RJ,Rio de Janeiro,3304557,city,100045,1482.62808,163,10793,63,0.1079,6747815,False,False
202039,2020-09-24,203,RJ,Rio de Janeiro,3304557,city,99882,1480.21248,309,10730,70,0.1074,6747815,False,False
202039,2020-09-23,202,RJ,Rio de Janeiro,3304557,city,99573,1475.63322,1028,10660,84,0.1071,6747815,False,False
202039,2020-09-22,201,RJ,Rio de Janeiro,3304557,city,98545,1460.39866,286,10576,71,0.1073,6747815,False,False
202039,2020-09-21,200,RJ,Rio de Janeiro,3304557,city,98259,1456.16025,97,10505,10,0.1069,6747815,False,False
202039,2020-09-20,199,RJ,Rio de Janeiro,3304557,city,98162,1454.72275,338,10495,25,0.1069,6747815,False,False
202038,2020-09-19,198,RJ,Rio de Janeiro,3304557,city,97824,1449.71372,212,10470,21,0.107,6747815,False,False
202038,2020-09-18,197,RJ,Rio de Janeiro,3304557,city,97612,1446.57196,213,10449,58,0.107,6747815,False,False
202038,2020-09-17,196,RJ,Rio de Janeiro,3304557,city,97399,1443.41539,581,10391,61,0.1067,6747815,False,False
202038,2020-09-16,195,RJ,Rio de Janeiro,3304557,city,96818,1434.80519,767,10330,97,0.1067,6747815,False,False
202038,2020-09-15,194,RJ,Rio de Janeiro,3304557,city,96051,1423.43855,607,10233,114,0.1065,6747815,False,False
202038,2020-09-14,193,RJ,Rio de Janeiro,3304557,city,95444,1414.44305,107,10119,3,0.106,6747815,False,False
202038,2020-09-13,192,RJ,Rio de Janeiro,3304557,city,95337,1412.85735,147,10116,3,0.1061,6747815,False,False
202037,2020-09-12,191,RJ,Rio de Janeiro,3304557,city,95190,1410.67886,182,10113,60,0.1062,6747815,False,False
202037,2020-09-11,190,RJ,Rio de Janeiro,3304557,city,95008,1407.98169,112,10053,-21,0.1058,6747815,False,False
202037,2020-09-10,189,RJ,Rio de Janeiro,3304557,city,94896,1406.3219,684,10074,47,0.1062,6747815,False,False
202037,2020-09-09,188,RJ,Rio de Janeiro,3304557,city,94212,1396.18528,313,10027,70,0.1064,6747815,False,False
202037,2020-09-08,187,RJ,Rio de Janeiro,3304557,city,93899,1391.54675,247,9957,33,0.106,6747815,False,False
202037,2020-09-07,186,RJ,Rio de Janeiro,3304557,city,93652,1387.8863,172,9924,22,0.106,6747815,False,False
202037,2020-09-06,185,RJ,Rio de Janeiro,3304557,city,93480,1385.33733,242,9902,22,0.1059,6747815,False,False
202036,2020-09-05,184,RJ,Rio de Janeiro,3304557,city,93238,1381.75098,226,9880,27,0.106,6747815,False,False
202036,2020-09-04,183,RJ,Rio de Janeiro,3304557,city,93012,1378.40175,646,9853,40,0.1059,6747815,False,False
202036,2020-09-03,182,RJ,Rio de Janeiro,3304557,city,92366,1368.82828,478,9813,35,0.1062,6747815,False,False
202036,2020-09-02,181,RJ,Rio de Janeiro,3304557,city,91888,1361.74451,200,9778,41,0.1064,6747815,False,False
202036,2020-09-01,180,RJ,Rio de Janeiro,3304557,city,91688,1358.78058,1222,9737,74,0.1062,6747815,False,False
202036,2020-08-31,179,RJ,Rio de Janeiro,3304557,city,90466,1340.67102,121,9663,29,0.1068,6747815,False,False
202036,2020-08-30,178,RJ,Rio de Janeiro,3304557,city,90345,1338.87784,82,9634,6,0.1066,6747815,False,False
202035,2020-08-29,177,RJ,Rio de Janeiro,3304557,city,90263,1337.66264,829,9628,62,0.1067,6747815,False,False
202035,2020-08-27,175,RJ,Rio de Janeiro,3304557,city,89434,1325.37718,735,9566,98,0.107,6747815,False,False
202035,2020-08-26,174,RJ,Rio de Janeiro,3304557,city,88699,1314.48476,951,9468,64,0.1067,6747815,False,False
202035,2020-08-25,173,RJ,Rio de Janeiro,3304557,city,87748,1300.39131,584,9404,88,0.1072,6747815,False,False
202035,2020-08-24,172,RJ,Rio de Janeiro,3304557,city,87164,1291.73666,397,9316,85,0.1069,6747815,False,False
202035,2020-08-23,171,RJ,Rio de Janeiro,3304557,city,86767,1285.85327,348,9231,25,0.1064,6747815,False,False
202034,2020-08-22,170,RJ,Rio de Janeiro,3304557,city,86419,1280.69605,931,9206,31,0.1065,6747815,False,False
202034,2020-08-21,169,RJ,Rio de Janeiro,3304557,city,85488,1266.89899,1000,9175,48,0.1073,6747815,False,False
202034,2020-08-20,168,RJ,Rio de Janeiro,3304557,city,84488,1252.07938,753,9127,79,0.108,6747815,False,False
202034,2020-08-19,167,RJ,Rio de Janeiro,3304557,city,83735,1240.92021,1547,9048,117,0.1081,6747815,False,False
202034,2020-08-18,166,RJ,Rio de Janeiro,3304557,city,82188,1217.99427,1289,8931,101,0.1087,6747815,False,False
202034,2020-08-17,165,RJ,Rio de Janeiro,3304557,city,80899,1198.89179,137,8830,4,0.1091,6747815,False,False
202034,2020-08-16,164,RJ,Rio de Janeiro,3304557,city,80762,1196.8615,197,8826,13,0.1093,6747815,False,False
202033,2020-08-15,163,RJ,Rio de Janeiro,3304557,city,80565,1193.94204,700,8813,14,0.1094,6747815,False,False
202033,2020-08-14,162,RJ,Rio de Janeiro,3304557,city,79865,1183.56831,1365,8799,33,0.1102,6747815,False,False
202033,2020-08-13,161,RJ,Rio de Janeiro,3304557,city,78500,1163.33954,873,8766,56,0.1117,6747815,False,False
202033,2020-08-12,160,RJ,Rio de Janeiro,3304557,city,77627,1150.40202,1525,8710,45,0.1122,6747815,False,False
202033,2020-08-11,159,RJ,Rio de Janeiro,3304557,city,76102,1127.80211,1428,8665,43,0.1139,6747815,False,False
202033,2020-08-10,158,RJ,Rio de Janeiro,3304557,city,74674,1106.6397,253,8622,10,0.1155,6747815,False,False
202033,2020-08-09,157,RJ,Rio de Janeiro,3304557,city,74421,1102.89034,18,8612,6,0.1157,6747815,False,False
202032,2020-08-08,156,RJ,Rio de Janeiro,3304557,city,74403,1102.62359,548,8606,10,0.1157,6747815,False,False
202032,2020-08-07,155,RJ,Rio de Janeiro,3304557,city,73855,1094.50244,338,8596,56,0.1164,6747815,False,False
202032,2020-08-06,154,RJ,Rio de Janeiro,3304557,city,73517,1089.49341,121,8540,41,0.1162,6747815,False,False
202032,2020-08-05,153,RJ,Rio de Janeiro,3304557,city,73396,1087.70024,674,8499,80,0.1158,6747815,False,False
202032,2020-08-04,152,RJ,Rio de Janeiro,3304557,city,72722,1077.71182,643,8419,48,0.1158,6747815,False,False
202032,2020-08-03,151,RJ,Rio de Janeiro,3304557,city,72079,1068.18281,277,8371,13,0.1161,6747815,False,False
202032,2020-08-02,150,RJ,Rio de Janeiro,3304557,city,71802,1064.07778,10,8358,14,0.1164,6747815,False,False
202031,2020-08-01,149,RJ,Rio de Janeiro,3304557,city,71792,1063.92958,470,8344,34,0.1162,6747815,False,False
202031,2020-07-31,148,RJ,Rio de Janeiro,3304557,city,71322,1056.96437,333,8310,40,0.1165,6747815,False,False
202031,2020-07-30,147,RJ,Rio de Janeiro,3304557,city,70989,1052.02943,297,8270,50,0.1165,6747815,False,False
202031,2020-07-29,146,RJ,Rio de Janeiro,3304557,city,70692,1047.62801,252,8220,96,0.1163,6747815,False,False
202031,2020-07-28,145,RJ,Rio de Janeiro,3304557,city,70440,1043.89347,70,8124,71,0.1153,6747815,False,False
202031,2020-07-27,144,RJ,Rio de Janeiro,3304557,city,70370,1042.85609,800,8053,30,0.1144,6747815,False,False
202031,2020-07-26,143,RJ,Rio de Janeiro,3304557,city,69570,1031.00041,24,8023,19,0.1153,6747815,False,False
202030,2020-07-25,142,RJ,Rio de Janeiro,3304557,city,69546,1030.64473,90,8004,63,0.1151,6747815,False,False
202030,2020-07-24,141,RJ,Rio de Janeiro,3304557,city,69456,1029.31097,946,7941,28,0.1143,6747815,False,False
202030,2020-07-23,140,RJ,Rio de Janeiro,3304557,city,68510,1015.29162,176,7913,26,0.1155,6747815,False,False
202030,2020-07-22,139,RJ,Rio de Janeiro,3304557,city,68334,1012.68336,1213,7887,91,0.1154,6747815,False,False
202030,2020-07-21,138,RJ,Rio de Janeiro,3304557,city,67121,994.70718,85,7796,63,0.1161,6747815,False,False
202030,2020-07-20,137,RJ,Rio de Janeiro,3304557,city,67036,993.44751,127,7733,30,0.1154,6747815,False,False
202030,2020-07-19,136,RJ,Rio de Janeiro,3304557,city,66909,991.56542,1213,7703,82,0.1151,6747815,False,False
202029,2020-07-17,134,RJ,Rio de Janeiro,3304557,city,65696,973.58923,125,7621,71,0.116,6747815,False,False
202029,2020-07-16,133,RJ,Rio de Janeiro,3304557,city,65571,971.73678,82,7550,50,0.1151,6747815,False,False
202029,2020-07-15,132,RJ,Rio de Janeiro,3304557,city,65489,970.52157,368,7500,68,0.1145,6747815,False,False
202029,2020-07-14,131,RJ,Rio de Janeiro,3304557,city,65121,965.06795,486,7432,77,0.1141,6747815,False,False
202029,2020-07-13,130,RJ,Rio de Janeiro,3304557,city,64635,957.86562,525,7355,45,0.1138,6747815,False,False
202029,2020-07-12,129,RJ,Rio de Janeiro,3304557,city,64110,950.08532,8,7310,8,0.114,6747815,False,False
202028,2020-07-11,128,RJ,Rio de Janeiro,3304557,city,64102,949.96677,75,7302,48,0.1139,6747815,False,False
202028,2020-07-10,127,RJ,Rio de Janeiro,3304557,city,64027,948.8553,631,7254,76,0.1133,6747815,False,False
202028,2020-07-09,126,RJ,Rio de Janeiro,3304557,city,63396,939.50412,933,7178,77,0.1132,6747815,False,False
202028,2020-07-08,125,RJ,Rio de Janeiro,3304557,city,62463,925.67742,805,7101,46,0.1137,6747815,False,False
202028,2020-07-07,124,RJ,Rio de Janeiro,3304557,city,61658,913.74764,1062,7055,131,0.1144,6747815,False,False
202028,2020-07-06,123,RJ,Rio de Janeiro,3304557,city,60596,898.00921,363,6924,26,0.1143,6747815,False,False
202028,2020-07-05,122,RJ,Rio de Janeiro,3304557,city,60233,892.62969,200,6898,29,0.1145,6747815,False,False
202027,2020-07-04,121,RJ,Rio de Janeiro,3304557,city,60033,889.66577,585,6869,78,0.1144,6747815,False,False
202027,2020-07-03,120,RJ,Rio de Janeiro,3304557,city,59448,880.99629,833,6791,102,0.1142,6747815,False,False
202027,2020-07-02,119,RJ,Rio de Janeiro,3304557,city,58615,868.65156,736,6689,71,0.1141,6747815,False,False
202027,2020-07-01,118,RJ,Rio de Janeiro,3304557,city,57879,857.74432,943,6618,68,0.1143,6747815,False,False
202027,2020-06-30,117,RJ,Rio de Janeiro,3304557,city,56936,843.76943,585,6550,133,0.115,6747815,False,False
202027,2020-06-29,116,RJ,Rio de Janeiro,3304557,city,56351,835.09995,291,6417,24,0.1139,6747815,False,False
202027,2020-06-28,115,RJ,Rio de Janeiro,3304557,city,56060,830.78745,774,6393,27,0.114,6747815,False,False
202026,2020-06-27,114,RJ,Rio de Janeiro,3304557,city,55286,819.31707,134,6366,102,0.1151,6747815,False,False
202026,2020-06-26,113,RJ,Rio de Janeiro,3304557,city,55152,817.33124,983,6264,103,0.1136,6747815,False,False
202026,2020-06-25,112,RJ,Rio de Janeiro,3304557,city,54169,802.76356,862,6161,74,0.1137,6747815,False,False
202026,2020-06-24,111,RJ,Rio de Janeiro,3304557,city,53307,789.98906,982,6087,87,0.1142,6747815,False,False
202026,2020-06-23,110,RJ,Rio de Janeiro,3304557,city,52325,775.4362,1403,6000,125,0.1147,6747815,False,False
202026,2020-06-22,109,RJ,Rio de Janeiro,3304557,city,50922,754.64428,492,5875,43,0.1154,6747815,False,False
202026,2020-06-21,108,RJ,Rio de Janeiro,3304557,city,50430,747.35303,301,5832,41,0.1156,6747815,False,False
202025,2020-06-20,107,RJ,Rio de Janeiro,3304557,city,50129,742.89233,1376,5791,159,0.1155,6747815,False,False
202025,2020-06-19,106,RJ,Rio de Janeiro,3304557,city,48753,722.50054,2498,5632,124,0.1155,6747815,False,False
202025,2020-06-18,105,RJ,Rio de Janeiro,3304557,city,46255,685.48115,277,5508,165,0.1191,6747815,False,False
202025,2020-06-17,104,RJ,Rio de Janeiro,3304557,city,45978,681.37612,2104,5343,104,0.1162,6747815,False,False
202025,2020-06-16,103,RJ,Rio de Janeiro,3304557,city,43874,650.19566,1489,5239,149,0.1194,6747815,False,False
202025,2020-06-15,102,RJ,Rio de Janeiro,3304557,city,42385,628.12925,617,5090,47,0.1201,6747815,False,False
202025,2020-06-14,101,RJ,Rio de Janeiro,3304557,city,41768,618.98555,357,5043,50,0.1207,6747815,False,False
202024,2020-06-13,100,RJ,Rio de Janeiro,3304557,city,41411,613.69495,907,4993,116,0.1206,6747815,False,False
202024,2020-06-12,99,RJ,Rio de Janeiro,3304557,city,40504,600.25356,487,4877,27,0.1204,6747815,False,False
202024,2020-06-11,98,RJ,Rio de Janeiro,3304557,city,40017,593.03641,1057,4850,134,0.1212,6747815,False,False
202024,2020-06-10,97,RJ,Rio de Janeiro,3304557,city,38960,577.37208,1057,4716,117,0.121,6747815,False,False
202024,2020-06-09,96,RJ,Rio de Janeiro,3304557,city,37903,561.70775,1010,4599,83,0.1213,6747815,False,False
202024,2020-06-08,95,RJ,Rio de Janeiro,3304557,city,36893,546.73994,778,4516,54,0.1224,6747815,False,False
202024,2020-06-07,94,RJ,Rio de Janeiro,3304557,city,36115,535.21029,412,4462,61,0.1235,6747815,False,False
202023,2020-06-06,93,RJ,Rio de Janeiro,3304557,city,35703,529.10461,660,4401,92,0.1233,6747815,False,False
202023,2020-06-05,92,RJ,Rio de Janeiro,3304557,city,35043,519.32366,1348,4309,78,0.123,6747815,False,False
202023,2020-06-04,91,RJ,Rio de Janeiro,3304557,city,33695,499.34683,744,4231,176,0.1256,6747815,False,False
202023,2020-06-03,90,RJ,Rio de Janeiro,3304557,city,32951,488.32103,1747,4055,227,0.1231,6747815,False,False
202023,2020-06-02,89,RJ,Rio de Janeiro,3304557,city,31204,462.43117,1190,3828,157,0.1227,6747815,False,False
202023,2020-06-01,88,RJ,Rio de Janeiro,3304557,city,30014,444.79583,857,3671,93,0.1223,6747815,False,False
202023,2020-05-31,87,RJ,Rio de Janeiro,3304557,city,29157,432.09543,676,3578,53,0.1227,6747815,False,False
202022,2020-05-30,86,RJ,Rio de Janeiro,3304557,city,28481,422.07737,1170,3525,95,0.1238,6747815,False,False
202022,2020-05-29,85,RJ,Rio de Janeiro,3304557,city,27311,404.73842,1337,3430,137,0.1256,6747815,False,False
202022,2020-05-28,84,RJ,Rio de Janeiro,3304557,city,25974,384.9246,1224,3293,158,0.1268,6747815,False,False
202022,2020-05-27,83,RJ,Rio de Janeiro,3304557,city,24750,366.7854,1460,3135,157,0.1267,6747815,False,False
202022,2020-05-26,82,RJ,Rio de Janeiro,3304557,city,23290,345.14876,824,2978,147,0.1279,6747815,False,False
202022,2020-05-25,81,RJ,Rio de Janeiro,3304557,city,22466,332.9374,691,2831,76,0.126,6747815,False,False
202022,2020-05-24,80,RJ,Rio de Janeiro,3304557,city,21775,322.69705,732,2755,53,0.1265,6747815,False,False
202021,2020-05-23,79,RJ,Rio de Janeiro,3304557,city,21043,311.84909,882,2702,182,0.1284,6747815,False,False
202021,2020-05-22,78,RJ,Rio de Janeiro,3304557,city,20161,298.7782,1418,2520,144,0.125,6747815,False,False
202021,2020-05-21,77,RJ,Rio de Janeiro,3304557,city,18743,277.76399,1677,2376,127,0.1268,6747815,False,False
202021,2020-05-20,76,RJ,Rio de Janeiro,3304557,city,17066,252.9115,2535,2249,114,0.1318,6747815,False,False
202021,2020-05-19,75,RJ,Rio de Janeiro,3304557,city,14531,215.34378,1088,2135,175,0.1469,6747815,False,False
202021,2020-05-18,74,RJ,Rio de Janeiro,3304557,city,13443,199.22004,522,1960,119,0.1458,6747815,False,False
202021,2020-05-17,73,RJ,Rio de Janeiro,3304557,city,12921,191.48421,626,1841,90,0.1425,6747815,False,False
202020,2020-05-16,72,RJ,Rio de Janeiro,3304557,city,12295,182.20713,580,1751,120,0.1424,6747815,False,False
202020,2020-05-15,71,RJ,Rio de Janeiro,3304557,city,11715,173.61175,451,1631,122,0.1392,6747815,False,False
202020,2020-05-14,70,RJ,Rio de Janeiro,3304557,city,11264,166.92811,238,1509,146,0.134,6747815,False,False
202020,2020-05-13,69,RJ,Rio de Janeiro,3304557,city,11026,163.40104,210,1363,84,0.1236,6747815,False,False
202020,2020-05-12,68,RJ,Rio de Janeiro,3304557,city,10816,160.28892,197,1279,107,0.1183,6747815,False,False
202020,2020-05-11,67,RJ,Rio de Janeiro,3304557,city,10619,157.36946,99,1172,46,0.1104,6747815,False,False
202020,2020-05-10,66,RJ,Rio de Janeiro,3304557,city,10520,155.90232,41,1126,34,0.107,6747815,False,False
202019,2020-05-09,65,RJ,Rio de Janeiro,3304557,city,10479,155.29471,807,1092,90,0.1042,6747815,False,False
202019,2020-05-08,64,RJ,Rio de Janeiro,3304557,city,9672,143.33529,621,1002,83,0.1036,6747815,False,False
202019,2020-05-07,63,RJ,Rio de Janeiro,3304557,city,9051,134.13231,474,919,155,0.1015,6747815,False,False
202019,2020-05-06,62,RJ,Rio de Janeiro,3304557,city,8577,127.10781,745,764,51,0.0891,6747815,False,False
202019,2020-05-05,61,RJ,Rio de Janeiro,3304557,city,7832,116.0672,549,713,43,0.091,6747815,False,False
202019,2020-05-04,60,RJ,Rio de Janeiro,3304557,city,7283,107.93123,533,670,39,0.092,6747815,False,False
202019,2020-05-03,59,RJ,Rio de Janeiro,3304557,city,6750,100.03238,302,631,28,0.0935,6747815,False,False
202018,2020-05-02,58,RJ,Rio de Janeiro,3304557,city,6448,95.55686,259,603,29,0.0935,6747815,False,False
202018,2020-05-01,57,RJ,Rio de Janeiro,3304557,city,6189,91.71858,286,574,39,0.0927,6747815,False,False
202018,2020-04-30,56,RJ,Rio de Janeiro,3304557,city,5903,87.48017,214,535,39,0.0906,6747815,False,False
202018,2020-04-29,55,RJ,Rio de Janeiro,3304557,city,5689,84.30877,135,496,40,0.0872,6747815,False,False
202018,2020-04-28,54,RJ,Rio de Janeiro,3304557,city,5554,82.30812,293,456,51,0.0821,6747815,False,False
202018,2020-04-27,53,RJ,Rio de Janeiro,3304557,city,5261,77.96598,763,405,23,0.077,6747815,False,False
202018,2020-04-26,52,RJ,Rio de Janeiro,3304557,city,4498,66.65861,17,382,15,0.0849,6747815,False,False
202017,2020-04-25,51,RJ,Rio de Janeiro,3304557,city,4481,66.40668,390,367,20,0.0819,6747815,False,False
202017,2020-04-24,50,RJ,Rio de Janeiro,3304557,city,4091,60.62703,64,347,25,0.0848,6747815,False,False
202017,2020-04-23,49,RJ,Rio de Janeiro,3304557,city,4027,59.67858,371,322,19,0.08,6747815,False,False
202017,2020-04-22,48,RJ,Rio de Janeiro,3304557,city,3656,54.1805,69,303,20,0.0829,6747815,False,False
202017,2020-04-21,47,RJ,Rio de Janeiro,3304557,city,3587,53.15795,344,283,26,0.0789,6747815,False,False
202017,2020-04-20,46,RJ,Rio de Janeiro,3304557,city,3243,48.06,117,257,12,0.0792,6747815,False,False
202017,2020-04-19,45,RJ,Rio de Janeiro,3304557,city,3126,46.32611,67,245,8,0.0784,6747815,False,False
202016,2020-04-18,44,RJ,Rio de Janeiro,3304557,city,3059,45.33319,113,237,18,0.0775,6747815,False,False
202016,2020-04-17,43,RJ,Rio de Janeiro,3304557,city,2946,43.65858,287,219,24,0.0743,6747815,False,False
202016,2020-04-16,42,RJ,Rio de Janeiro,3304557,city,2659,39.40535,140,195,28,0.0733,6747815,False,False
202016,2020-04-15,41,RJ,Rio de Janeiro,3304557,city,2519,37.3306,126,167,27,0.0663,6747815,False,False
202016,2020-04-14,40,RJ,Rio de Janeiro,3304557,city,2393,35.46333,71,140,25,0.0585,6747815,False,False
202016,2020-04-13,39,RJ,Rio de Janeiro,3304557,city,2322,34.41114,326,115,9,0.0495,6747815,False,False
202016,2020-04-12,38,RJ,Rio de Janeiro,3304557,city,1996,29.57995,91,106,8,0.0531,6747815,False,False
202015,2020-04-11,37,RJ,Rio de Janeiro,3304557,city,1905,28.23136,97,98,6,0.0514,6747815,False,False
202015,2020-04-10,36,RJ,Rio de Janeiro,3304557,city,1808,26.79386,175,92,10,0.0509,6747815,False,False
202015,2020-04-09,35,RJ,Rio de Janeiro,3304557,city,1633,24.20043,184,82,9,0.0502,6747815,False,False
202015,2020-04-08,34,RJ,Rio de Janeiro,3304557,city,1449,21.47362,198,73,14,0.0504,6747815,False,False
202015,2020-04-07,33,RJ,Rio de Janeiro,3304557,city,1251,18.53933,141,59,12,0.0472,6747815,False,False
202015,2020-04-06,32,RJ,Rio de Janeiro,3304557,city,1110,16.44977,42,47,5,0.0423,6747815,False,False
202015,2020-04-05,31,RJ,Rio de Janeiro,3304557,city,1068,15.82735,86,42,4,0.0393,6747815,False,False
202014,2020-04-04,30,RJ,Rio de Janeiro,3304557,city,982,14.55286,115,38,2,0.0387,6747815,False,False
202014,2020-04-03,29,RJ,Rio de Janeiro,3304557,city,867,12.8486,69,36,5,0.0415,6747815,False,False
202014,2020-04-02,28,RJ,Rio de Janeiro,3304557,city,798,11.82605,101,31,11,0.0388,6747815,False,False
202014,2020-04-01,27,RJ,Rio de Janeiro,3304557,city,697,10.32927,111,20,2,0.0287,6747815,False,False
202014,2020-03-31,26,RJ,Rio de Janeiro,3304557,city,586,8.68429,33,18,5,0.0307,6747815,False,False
202014,2020-03-30,25,RJ,Rio de Janeiro,3304557,city,553,8.19525,37,13,0,0.0235,6747815,False,False
202014,2020-03-29,24,RJ,Rio de Janeiro,3304557,city,516,7.64692,27,13,4,0.0252,6747815,False,False
202013,2020-03-28,23,RJ,Rio de Janeiro,3304557,city,489,7.24679,58,9,3,0.0184,6747815,False,False
202013,2020-03-27,22,RJ,Rio de Janeiro,3304557,city,431,6.38725,63,6,0,0.0139,6747815,False,False
202013,2020-03-26,21,RJ,Rio de Janeiro,3304557,city,368,5.45362,37,6,1,0.0163,6747815,False,False
202013,2020-03-25,20,RJ,Rio de Janeiro,3304557,city,331,4.90529,55,5,2,0.0151,6747815,False,False
202013,2020-03-24,19,RJ,Rio de Janeiro,3304557,city,276,4.09021,64,3,2,0.0109,6747815,False,False
202013,2020-03-23,18,RJ,Rio de Janeiro,3304557,city,212,3.14176,44,1,1,0.0047,6747815,False,False
202013,2020-03-22,17,RJ,Rio de Janeiro,3304557,city,168,2.48969,69,0,0,0.0,6747815,False,False
202012,2020-03-21,16,RJ,Rio de Janeiro,3304557,city,99,1.46714,43,0,0,0.0,6747815,False,False
202012,2020-03-19,14,RJ,Rio de Janeiro,3304557,city,56,0.8299,1,0,0,0.0,6747815,False,False
202012,2020-03-18,13,RJ,Rio de Janeiro,3304557,city,55,0.81508,32,0,0,0.0,6747815,False,False
202012,2020-03-16,11,RJ,Rio de Janeiro,3304557,city,23,0.34085,1,0,0,0.0,6747815,False,False
202012,2020-03-15,10,RJ,Rio de Janeiro,3304557,city,22,0.32603,9,0,0,0.0,6747815,False,False
202011,2020-03-12,7,RJ,Rio de Janeiro,3304557,city,13,0.19265,11,0,0,0.0,6747815,False,False
202011,2020-03-08,3,RJ,Rio de Janeiro,3304557,city,2,0.02964,1,0,0,0.0,6747815,False,False
202010,2020-03-06,1,RJ,Rio de Janeiro,3304557,city,1,0.01482,1,0,0,0.0,6747815,False,False
